q_nominal,L,Delta_bar,MCSE_Delta
0.4,25,-0.29976875000000003,0.0001738960008979913
0.6,25,-0.1999195,0.0001768248240044141
0.8,25,-0.09990974999999999,0.00014088129307370458
1.0,25,0.0,0.0
0.4,50,-0.29976875000000003,0.0001738960008979913
0.6,50,-0.19991949999999997,0.0001768248240044141
0.8,50,-0.09990974999999995,0.00014088129307370466
1.0,50,0.0,0.0
0.4,100,-0.29976875000000003,0.00017389600089799128
0.6,100,-0.19991949999999994,0.00017682482400441403
0.8,100,-0.09990974999999992,0.00014088129307370483
1.0,100,0.0,0.0
