method,q_nominal,L,DMA,MAE,DP_Rep,MCSE_DMA,MCSE_MAE,n_rep
M1,0.4,25,0.0,0.0,0.0,0.0,0.0,2000
M2,0.4,25,-0.29976875000000003,0.29976875000000003,0.007776865580465461,0.0001738960008979913,0.00017389600089799123,2000
M1,0.6,25,0.0,0.0,0.0,0.0,0.0,2000
M2,0.6,25,-0.1999195,0.19991949999999997,0.007907846531666131,0.0001768248240044141,0.00017682482400441414,2000
M1,0.8,25,0.0,0.0,0.0,0.0,0.0,2000
M2,0.8,25,-0.09990974999999999,0.09990974999999999,0.006300402961417475,0.00014088129307370458,0.00014088129307370458,2000
M1,1.0,25,0.0,0.0,0.0,0.0,0.0,2000
M2,1.0,25,0.0,0.0,0.0,0.0,0.0,2000
M1,0.4,50,0.0,0.0,0.0,0.0,0.0,2000
M2,0.4,50,-0.29976875000000003,0.29976875000000003,0.007776865580465461,0.0001738960008979913,0.0001738960008979912,2000
M1,0.6,50,0.0,0.0,0.0,0.0,0.0,2000
M2,0.6,50,-0.19991949999999997,0.19991949999999997,0.007907846531666131,0.0001768248240044141,0.00017682482400441422,2000
M1,0.8,50,0.0,0.0,0.0,0.0,0.0,2000
M2,0.8,50,-0.09990974999999995,0.09990974999999995,0.006300402961417479,0.00014088129307370466,0.00014088129307370464,2000
M1,1.0,50,0.0,0.0,0.0,0.0,0.0,2000
M2,1.0,50,0.0,0.0,0.0,0.0,0.0,2000
M1,0.4,100,0.0,0.0,0.0,0.0,0.0,2000
M2,0.4,100,-0.29976875000000003,0.29976875000000003,0.0077768655804654595,0.00017389600089799128,0.00017389600089799117,2000
M1,0.6,100,0.0,0.0,0.0,0.0,0.0,2000
M2,0.6,100,-0.19991949999999994,0.19991949999999994,0.007907846531666127,0.00017682482400441403,0.0001768248240044141,2000
M1,0.8,100,0.0,0.0,0.0,0.0,0.0,2000
M2,0.8,100,-0.09990974999999992,0.09990974999999992,0.0063004029614174865,0.00014088129307370483,0.00014088129307370483,2000
M1,1.0,100,0.0,0.0,0.0,0.0,0.0,2000
M2,1.0,100,0.0,0.0,0.0,0.0,0.0,2000
