L,q_nominal,method,mean_rho,sd_rho,n_invalid,n_windows
25,0.4,M1,1.0,0.0,0,4000
25,0.4,M2,0.70032,0.049346797024671776,0,4000
25,0.6,M1,1.0,0.0,0,4000
25,0.6,M2,0.80073,0.04925112707725169,0,4000
25,0.8,M1,1.0,0.0,0,4000
25,0.8,M2,0.9009349999999999,0.040386056175162104,0,4000
25,1.0,M1,1.0,0.0,0,4000
25,1.0,M2,1.0,0.0,0,4000
50,0.4,M1,1.0,0.0,0,2000
50,0.4,M2,0.7003199999999999,0.035219565711468566,0,2000
50,0.6,M1,1.0,0.0,0,2000
50,0.6,M2,0.80073,0.03526313718916979,0,2000
50,0.8,M1,1.0,0.0,0,2000
50,0.8,M2,0.900935,0.028572433690245792,0,2000
50,1.0,M1,1.0,0.0,0,2000
50,1.0,M2,1.0,0.0,0,2000
100,0.4,M1,1.0,0.0,0,1000
100,0.4,M2,0.7003199999999999,0.02537698941150411,0,1000
100,0.6,M1,1.0,0.0,0,1000
100,0.6,M2,0.80073,0.025296383279176632,0,1000
100,0.8,M1,1.0,0.0,0,1000
100,0.8,M2,0.900935,0.0198870880540936,0,1000
100,1.0,M1,1.0,0.0,0,1000
100,1.0,M2,1.0,0.0,0,1000
